,법정동명,법정동코드,2014,2015,2016,2017,2018,2019,2020,2021,2022,2023
0,충청남도 천안시 동남구 대흥동,44131101,1498.5,1486.75,1464.5,1409.5,1426.25,1409.0,1390.75,1346.5,1349.75,1300.5
1,충청남도 천안시 동남구 성황동,44131102,1681.0,1602.3333333333333,1543.0,1479.3333333333333,1387.0,1305.0,1226.0,1435.3333333333333,2214.6666666666665,2628.3333333333335
2,충청남도 천안시 동남구 문화동,44131103,5186.666666666666,5041.0,4822.333333333334,4631.0,4472.0,4299.666666666666,4184.666666666666,4317.0,5059.333333333333,5376.666666666667
3,충청남도 천안시 동남구 사직동,44131104,1498.5,1486.75,1464.5,1409.5,1426.25,1409.0,1390.75,1346.5,1349.75,1300.5
4,충청남도 천안시 동남구 영성동,44131105,1498.5,1486.75,1464.5,1409.5,1426.25,1409.0,1390.75,1346.5,1349.75,1300.5
5,충청남도 천안시 동남구 오룡동,44131106,1498.5,1486.75,1464.5,1409.5,1426.25,1409.0,1390.75,1346.5,1349.75,1300.5
6,충청남도 천안시 동남구 원성동,44131107,29040.333333333332,28235.666666666664,27372.333333333336,26544.666666666664,26345.666666666664,26402.0,25921.0,25766.666666666664,26437.0,26694.333333333336
7,충청남도 천안시 동남구 구성동,44131108,9290.6,9375.0,9637.2,9637.8,10204.2,10537.6,11213.6,11046.4,10848.4,11603.4
8,충청남도 천안시 동남구 청수동,44131109,9290.6,9375.0,9637.2,9637.8,10204.2,10537.6,11213.6,11046.4,10848.4,11603.4
9,충청남도 천안시 동남구 삼룡동,44131110,9290.6,9375.0,9637.2,9637.8,10204.2,10537.6,11213.6,11046.4,10848.4,11603.4
10,충청남도 천안시 동남구 청당동,44131111,9290.6,9375.0,9637.2,9637.8,10204.2,10537.6,11213.6,11046.4,10848.4,11603.4
11,충청남도 천안시 동남구 유량동,44131112,3505.6666666666665,3438.6666666666665,3279.3333333333335,3151.6666666666665,3085.0,2994.6666666666665,2958.6666666666665,2881.6666666666665,2844.6666666666665,2748.3333333333335
12,충청남도 천안시 동남구 봉명동,44131113,10529.5,10136.0,9677.0,9339.5,8789.5,8836.5,9021.5,9045.0,8950.0,8682.5
13,충청남도 천안시 동남구 다가동,44131114,12347.5,12228.5,12856.5,12642.0,12642.5,12501.0,12308.5,11598.5,11370.5,11153.0
14,충청남도 천안시 동남구 용곡동,44131115,35158.0,35486.5,36420.0,36241.0,35456.0,35330.5,34902.5,33886.5,33380.0,33014.5
15,충청남도 천안시 동남구 신방동,44131116,22810.5,23258.0,23563.5,23599.0,22813.5,22829.5,22594.0,22288.0,22009.5,21861.5
16,충청남도 천안시 동남구 쌍용동,44131117,10529.5,10136.0,9677.0,9339.5,8789.5,8836.5,9021.5,9045.0,8950.0,8682.5
17,충청남도 천안시 동남구 신부동,44131118,11207.666666666666,10764.666666666666,10526.0,10326.666666666666,11332.666666666666,12220.333333333334,12220.333333333334,12199.666666666666,12247.666666666666,12191.666666666666
18,충청남도 천안시 동남구 안서동,44131119,11207.666666666666,10764.666666666666,10526.0,10326.666666666666,11332.666666666666,12220.333333333334,12220.333333333334,12199.666666666666,12247.666666666666,12191.666666666666
19,충청남도 천안시 동남구 구룡동,44131120,9290.6,9375.0,9637.2,9637.8,10204.2,10537.6,11213.6,11046.4,10848.4,11603.4
20,충청남도 천안시 동남구 목천읍,44131250,27449.0,27281.0,26871.0,26475.0,25174.0,24659.0,24224.0,24274.0,24122.0,23542.0
21,충청남도 천안시 동남구 풍세면,44131310,4689.0,4599.0,4481.0,4390.0,4312.0,4255.0,4165.0,4107.0,4080.0,3981.0
22,충청남도 천안시 동남구 광덕면,44131320,4459.0,4456.0,4561.0,4530.0,4392.0,4365.0,4344.0,4295.0,4227.0,4173.0
23,충청남도 천안시 동남구 북면,44131330,4960.0,4905.0,4845.0,4698.0,4625.0,4515.0,4370.0,4357.0,4349.0,4317.0
24,충청남도 천안시 동남구 성남면,44131340,3700.0,3682.0,3669.0,3568.0,3464.0,3366.0,3289.0,3125.0,3059.0,2999.0
25,충청남도 천안시 동남구 수신면,44131350,2513.0,2464.0,2488.0,2477.0,2405.0,2353.0,2328.0,2272.0,2273.0,2207.0
26,충청남도 천안시 동남구 병천면,44131360,6667.0,6568.0,6521.0,6553.0,6462.0,6280.0,6135.0,6088.0,6342.0,6244.0
27,충청남도 천안시 동남구 동면,44131370,2430.0,2377.0,2306.0,2273.0,2227.0,2187.0,2154.0,2092.0,2034.0,1995.0
28,충청남도 천안시 서북구 와촌동,44133101,9369.5,9142.0,8891.5,8682.0,8355.5,8305.5,8146.5,8498.0,8887.5,8734.0
29,충청남도 천안시 서북구 성정동,44133102,35798.5,35826.0,35468.5,35554.0,34396.5,33786.5,33854.5,34289.0,34844.5,34482.0
30,충청남도 천안시 서북구 백석동,44133103,32056.0,37339.0,37236.0,40303.0,41030.0,40951.0,40912.0,40497.0,39983.0,39417.0
31,충청남도 천안시 서북구 두정동,44133104,19565.0,21503.916666666664,22601.166666666664,24000.416666666664,26254.5,27839.416666666668,29587.75,30774.333333333332,31457.416666666668,32500.583333333332
32,충청남도 천안시 서북구 성성동,44133105,10828.0,12412.666666666666,13462.666666666666,14370.666666666666,16428.0,17924.666666666668,18864.0,19056.333333333332,19171.666666666668,19964.333333333332
33,충청남도 천안시 서북구 차암동,44133106,10828.0,12412.666666666666,13462.666666666666,14370.666666666666,16428.0,17924.666666666668,18864.0,19056.333333333332,19171.666666666668,19964.333333333332
34,충청남도 천안시 서북구 쌍용동,44133107,82022.0,80584.0,79081.0,77162.0,74689.0,73125.0,71698.0,70207.0,68799.0,67228.0
35,충청남도 천안시 서북구 불당동,44133108,23877.0,24768.0,31095.0,45956.0,60083.0,66209.0,69983.0,70150.0,69255.0,69327.0
36,충청남도 천안시 서북구 업성동,44133109,8737.0,9091.25,9138.5,9629.75,9826.5,9914.75,10723.75,11718.0,12285.75,12536.25
37,충청남도 천안시 서북구 신당동,44133110,8737.0,9091.25,9138.5,9629.75,9826.5,9914.75,10723.75,11718.0,12285.75,12536.25
38,충청남도 천안시 서북구 부대동,44133111,8737.0,9091.25,9138.5,9629.75,9826.5,9914.75,10723.75,11718.0,12285.75,12536.25
39,충청남도 천안시 서북구 성환읍,44133250,29152.0,28674.0,28053.0,27508.0,26676.0,25679.0,24777.0,23943.0,23622.0,23146.0
40,충청남도 천안시 서북구 성거읍,44133253,20859.0,20648.0,22704.0,23155.0,22400.0,22551.0,22120.0,21645.0,21118.0,20542.0
41,충청남도 천안시 서북구 직산읍,44133256,22276.0,21913.0,21173.0,20445.0,19545.0,19230.0,19386.0,19940.0,20007.0,19670.0
42,충청남도 천안시 서북구 입장면,44133310,10447.0,10260.0,9806.0,9611.0,9280.0,8942.0,8697.0,8483.0,8406.0,8208.0
43,충청남도 공주시 반죽동,44150101,1569.5,1485.25,1432.25,1381.0,1274.5,1202.0,1183.25,1143.5,1141.5,1098.75
44,충청남도 공주시 봉황동,44150102,1569.5,1485.25,1432.25,1381.0,1274.5,1202.0,1183.25,1143.5,1141.5,1098.75
45,충청남도 공주시 중학동,44150103,1569.5,1485.25,1432.25,1381.0,1274.5,1202.0,1183.25,1143.5,1141.5,1098.75
46,충청남도 공주시 중동,44150104,1569.5,1485.25,1432.25,1381.0,1274.5,1202.0,1183.25,1143.5,1141.5,1098.75
47,충청남도 공주시 산성동,44150105,2354.75,2276.0,2198.25,2232.75,2209.0,2130.25,2077.5,2057.75,2006.75,1947.0
48,충청남도 공주시 교동,44150106,2354.75,2276.0,2198.25,2232.75,2209.0,2130.25,2077.5,2057.75,2006.75,1947.0
49,충청남도 공주시 웅진동,44150107,2354.75,2276.0,2198.25,2232.75,2209.0,2130.25,2077.5,2057.75,2006.75,1947.0
50,충청남도 공주시 금성동,44150108,2354.75,2276.0,2198.25,2232.75,2209.0,2130.25,2077.5,2057.75,2006.75,1947.0
51,충청남도 공주시 옥룡동,44150109,2596.0,2509.75,2432.75,2382.5,2253.0,2084.5,2018.75,1982.25,1916.25,1858.0
52,충청남도 공주시 금학동,44150110,1033.8333333333333,1009.0,1012.3333333333334,998.3333333333334,967.5,923.5,912.5,904.8333333333334,892.8333333333334,887.6666666666666
53,충청남도 공주시 봉정동,44150111,1033.8333333333333,1009.0,1012.3333333333334,998.3333333333334,967.5,923.5,912.5,904.8333333333334,892.8333333333334,887.6666666666666
54,충청남도 공주시 주미동,44150112,1033.8333333333333,1009.0,1012.3333333333334,998.3333333333334,967.5,923.5,912.5,904.8333333333334,892.8333333333334,887.6666666666666
55,충청남도 공주시 태봉동,44150113,1033.8333333333333,1009.0,1012.3333333333334,998.3333333333334,967.5,923.5,912.5,904.8333333333334,892.8333333333334,887.6666666666666
56,충청남도 공주시 오곡동,44150114,1033.8333333333333,1009.0,1012.3333333333334,998.3333333333334,967.5,923.5,912.5,904.8333333333334,892.8333333333334,887.6666666666666
57,충청남도 공주시 신기동,44150115,2596.0,2509.75,2432.75,2382.5,2253.0,2084.5,2018.75,1982.25,1916.25,1858.0
58,충청남도 공주시 소학동,44150116,2596.0,2509.75,2432.75,2382.5,2253.0,2084.5,2018.75,1982.25,1916.25,1858.0
59,충청남도 공주시 상왕동,44150117,2596.0,2509.75,2432.75,2382.5,2253.0,2084.5,2018.75,1982.25,1916.25,1858.0
60,충청남도 공주시 무릉동,44150118,1625.142857142857,1581.2857142857142,1569.7142857142858,1547.4285714285713,1643.5714285714287,2022.2857142857142,2073.8571428571427,2043.2857142857142,2093.5714285714284,2254.4285714285716
61,충청남도 공주시 월송동,44150119,1625.142857142857,1581.2857142857142,1569.7142857142858,1547.4285714285713,1643.5714285714287,2022.2857142857142,2073.8571428571427,2043.2857142857142,2093.5714285714284,2254.4285714285716
62,충청남도 공주시 신관동,44150120,8477.47619047619,8159.619047619048,8048.714285714286,8091.428571428572,8342.904761904761,8619.619047619048,8589.52380952381,8506.619047619048,8600.571428571428,8777.095238095239
63,충청남도 공주시 금흥동,44150121,1625.142857142857,1581.2857142857142,1569.7142857142858,1547.4285714285713,1643.5714285714287,2022.2857142857142,2073.8571428571427,2043.2857142857142,2093.5714285714284,2254.4285714285716
64,충청남도 공주시 쌍신동,44150122,6852.333333333333,6578.333333333333,6479.0,6544.0,6699.333333333333,6597.333333333333,6515.666666666667,6463.333333333333,6507.0,6522.666666666667
65,충청남도 공주시 월미동,44150123,6852.333333333333,6578.333333333333,6479.0,6544.0,6699.333333333333,6597.333333333333,6515.666666666667,6463.333333333333,6507.0,6522.666666666667
66,충청남도 공주시 검상동,44150124,1033.8333333333333,1009.0,1012.3333333333334,998.3333333333334,967.5,923.5,912.5,904.8333333333334,892.8333333333334,887.6666666666666
67,충청남도 공주시 석장리동,44150125,1625.142857142857,1581.2857142857142,1569.7142857142858,1547.4285714285713,1643.5714285714287,2022.2857142857142,2073.8571428571427,2043.2857142857142,2093.5714285714284,2254.4285714285716
68,충청남도 공주시 송선동,44150126,1625.142857142857,1581.2857142857142,1569.7142857142858,1547.4285714285713,1643.5714285714287,2022.2857142857142,2073.8571428571427,2043.2857142857142,2093.5714285714284,2254.4285714285716
69,충청남도 공주시 동현동,44150127,1625.142857142857,1581.2857142857142,1569.7142857142858,1547.4285714285713,1643.5714285714287,2022.2857142857142,2073.8571428571427,2043.2857142857142,2093.5714285714284,2254.4285714285716
70,충청남도 공주시 유구읍,44150250,8666.0,8518.0,8264.0,8128.0,7967.0,7804.0,7538.0,7291.0,7137.0,7041.0
71,충청남도 공주시 이인면,44150310,3844.0,3729.0,3706.0,3655.0,3552.0,3449.0,3329.0,3222.0,3130.0,3085.0
72,충청남도 공주시 탄천면,44150320,3447.0,3394.0,3292.0,3258.0,3141.0,3081.0,2983.0,2971.0,2891.0,2818.0
73,충청남도 공주시 계룡면,44150330,6359.0,6251.0,6197.0,6114.0,5932.0,5797.0,5660.0,5466.0,5330.0,5265.0
74,충청남도 공주시 반포면,44150340,4893.0,4807.0,4730.0,4668.0,4480.0,4360.0,4270.0,4270.0,4240.0,4151.0
75,충청남도 공주시 의당면,44150360,5757.0,5593.0,5495.0,5281.0,5069.0,4770.0,4719.0,4667.0,4548.0,4445.0
76,충청남도 공주시 정안면,44150370,5303.0,5174.0,5056.0,5036.0,4908.0,4791.0,4703.0,4593.0,4758.0,4698.0
77,충청남도 공주시 우성면,44150380,6136.0,5998.0,5837.0,5790.0,5669.0,5470.0,5297.0,5175.0,5128.0,5023.0
78,충청남도 공주시 사곡면,44150390,3344.0,3292.0,3257.0,3207.0,3102.0,3058.0,2968.0,2896.0,2828.0,2787.0
79,충청남도 공주시 신풍면,44150400,3458.0,3508.0,3459.0,3405.0,3384.0,3321.0,3272.0,3165.0,3141.0,3089.0
80,충청남도 보령시 대천동,44180101,15719.0,16057.0,16082.0,16371.0,15483.5,15181.5,14262.5,13954.5,13469.0,12955.0
81,충청남도 보령시 죽정동,44180102,8301.0,8123.0,8134.0,8464.0,7986.5,7805.5,7275.5,7090.5,6896.0,6596.0
82,충청남도 보령시 화산동,44180103,7322.0,7456.5,7405.5,7370.0,8686.5,8741.0,8391.5,8223.0,8003.5,7896.0
83,충청남도 보령시 동대동,44180104,7322.0,7456.5,7405.5,7370.0,8686.5,8741.0,8391.5,8223.0,8003.5,7896.0
84,충청남도 보령시 명천동,44180105,7267.5,7224.0,7094.0,6712.5,6288.0,6305.0,7737.0,7879.5,8294.5,8838.0
85,충청남도 보령시 궁촌동,44180106,7267.5,7224.0,7094.0,6712.5,6288.0,6305.0,7737.0,7879.5,8294.5,8838.0
86,충청남도 보령시 내항동,44180107,1814.5,1785.5,1782.75,1783.0,1716.5,1692.75,1637.0,1590.25,1546.5,1495.75
87,충청남도 보령시 남곡동,44180108,1814.5,1785.5,1782.75,1783.0,1716.5,1692.75,1637.0,1590.25,1546.5,1495.75
88,충청남도 보령시 요암동,44180109,1814.5,1785.5,1782.75,1783.0,1716.5,1692.75,1637.0,1590.25,1546.5,1495.75
89,충청남도 보령시 신흑동,44180110,3648.5,3669.5,3620.75,3610.0,3489.5,3409.75,3277.0,3235.25,3126.5,3054.75
90,충청남도 보령시 웅천읍,44180250,7111.0,7016.0,6955.0,6861.0,6654.0,6536.0,6301.0,6091.0,6048.0,5880.0
91,충청남도 보령시 주포면,44180310,1840.0,1882.0,1867.0,1879.0,1697.0,1677.0,1662.0,1669.0,1602.0,1609.0
92,충청남도 보령시 오천면,44180320,3615.0,3565.0,3546.0,3523.0,3471.0,3407.0,3335.0,3277.0,3227.0,3094.0
93,충청남도 보령시 천북면,44180330,3915.0,3915.0,3840.0,3788.0,3778.0,3697.0,3602.0,3478.0,3389.0,3328.0
94,충청남도 보령시 청소면,44180340,3033.0,3002.0,2980.0,2908.0,2815.0,2724.0,2664.0,2604.0,2560.0,2480.0
95,충청남도 보령시 청라면,44180350,4247.0,4267.0,4294.0,4243.0,4062.0,4070.0,3963.0,3889.0,3776.0,3639.0
96,충청남도 보령시 남포면,44180360,5573.0,5507.0,5592.0,5531.0,5432.0,5352.0,5203.0,5145.0,5066.0,4891.0
97,충청남도 보령시 주산면,44180380,2757.0,2735.0,2667.0,2617.0,2588.0,2559.0,2465.0,2418.0,2388.0,2299.0
98,충청남도 보령시 미산면,44180390,1989.0,2007.0,1972.0,1974.0,1903.0,1853.0,1766.0,1707.0,1709.0,1680.0
99,충청남도 보령시 성주면,44180400,2747.0,2737.0,2631.0,2577.0,2470.0,2406.0,2313.0,2187.0,2100.0,2011.0
100,충청남도 보령시 주교면,44180410,5463.0,5554.0,5637.0,5602.0,5551.0,5493.0,5344.0,5201.0,5112.0,5014.0
101,충청남도 아산시 온천동,44200101,15496.0,15034.0,16213.0,17359.0,17334.0,16948.0,20405.0,20131.0,19991.0,19509.0
102,충청남도 아산시 실옥동,44200102,4172.8,4091.4,4042.8,3923.8,3766.8,3663.0,3700.8,3727.4,3636.0,3503.2
103,충청남도 아산시 방축동,44200103,4172.8,4091.4,4042.8,3923.8,3766.8,3663.0,3700.8,3727.4,3636.0,3503.2
104,충청남도 아산시 기산동,44200104,5753.0,6938.75,6988.0,6857.5,6659.25,6584.5,5454.75,5369.5,5248.75,5220.25
105,충청남도 아산시 초사동,44200105,5753.0,6938.75,6988.0,6857.5,6659.25,6584.5,5454.75,5369.5,5248.75,5220.25
106,충청남도 아산시 신인동,44200106,5753.0,6938.75,6988.0,6857.5,6659.25,6584.5,5454.75,5369.5,5248.75,5220.25
107,충청남도 아산시 법곡동,44200107,4356.5,4306.666666666667,4453.833333333333,4429.833333333333,4887.0,4878.5,4867.333333333333,4819.833333333333,4694.5,4588.666666666667
108,충청남도 아산시 장존동,44200108,4356.5,4306.666666666667,4453.833333333333,4429.833333333333,4887.0,4878.5,4867.333333333333,4819.833333333333,4694.5,4588.666666666667
109,충청남도 아산시 좌부동,44200109,4356.5,4306.666666666667,4453.833333333333,4429.833333333333,4887.0,4878.5,4867.333333333333,4819.833333333333,4694.5,4588.666666666667
110,충청남도 아산시 읍내동,44200110,4356.5,4306.666666666667,4453.833333333333,4429.833333333333,4887.0,4878.5,4867.333333333333,4819.833333333333,4694.5,4588.666666666667
111,충청남도 아산시 풍기동,44200111,4356.5,4306.666666666667,4453.833333333333,4429.833333333333,4887.0,4878.5,4867.333333333333,4819.833333333333,4694.5,4588.666666666667
112,충청남도 아산시 용화동,44200112,5753.0,6938.75,6988.0,6857.5,6659.25,6584.5,5454.75,5369.5,5248.75,5220.25
113,충청남도 아산시 모종동,44200113,11195.666666666666,10984.666666666666,10843.0,12047.666666666666,12506.666666666666,12435.0,12275.333333333334,12197.666666666666,12456.666666666666,12573.333333333334
114,충청남도 아산시 권곡동,44200114,11195.666666666666,10984.666666666666,10843.0,12047.666666666666,12506.666666666666,12435.0,12275.333333333334,12197.666666666666,12456.666666666666,12573.333333333334
115,충청남도 아산시 배미동,44200115,4172.8,4091.4,4042.8,3923.8,3766.8,3663.0,3700.8,3727.4,3636.0,3503.2
116,충청남도 아산시 득산동,44200116,4172.8,4091.4,4042.8,3923.8,3766.8,3663.0,3700.8,3727.4,3636.0,3503.2
117,충청남도 아산시 점양동,44200117,4172.8,4091.4,4042.8,3923.8,3766.8,3663.0,3700.8,3727.4,3636.0,3503.2
118,충청남도 아산시 신동,44200118,11195.666666666666,10984.666666666666,10843.0,12047.666666666666,12506.666666666666,12435.0,12275.333333333334,12197.666666666666,12456.666666666666,12573.333333333334
119,충청남도 아산시 남동,44200119,4356.5,4306.666666666667,4453.833333333333,4429.833333333333,4887.0,4878.5,4867.333333333333,4819.833333333333,4694.5,4588.666666666667
120,충청남도 아산시 염치읍,44200250,7737.0,7605.0,7467.0,7237.0,7000.0,6826.0,6570.0,6424.0,6321.0,6162.0
121,충청남도 아산시 배방읍,44200253,66496.0,67039.0,66390.0,66392.0,67754.0,72068.0,73799.0,80352.0,83381.0,85439.0
122,충청남도 아산시 송악면,44200310,3957.0,4046.0,4179.0,4270.0,4286.0,4320.0,4241.0,4230.0,4199.0,4104.0
123,충청남도 아산시 탕정면,44200330,22932.0,23156.0,22435.0,21511.0,20766.0,20629.0,20989.0,22770.0,31204.0,38765.0
124,충청남도 아산시 음봉면,44200350,16247.0,15875.0,20487.0,20435.0,19765.0,19785.0,19705.0,20226.0,20304.0,20136.0
125,충청남도 아산시 둔포면,44200360,10748.0,10871.0,12929.0,17134.0,20076.0,20857.0,21418.0,22290.0,22868.0,22846.0
126,충청남도 아산시 영인면,44200370,6406.0,6259.0,6190.0,6084.0,5958.0,5758.0,5607.0,5508.0,5450.0,5398.0
127,충청남도 아산시 인주면,44200380,8006.0,7873.0,7724.0,7464.0,7084.0,6778.0,6539.0,6365.0,6103.0,5958.0
128,충청남도 아산시 선장면,44200390,3773.0,3659.0,3602.0,3537.0,3469.0,3324.0,3164.0,3072.0,3030.0,2970.0
129,충청남도 아산시 도고면,44200400,4986.0,4927.0,4816.0,4740.0,4682.0,4582.0,4475.0,4440.0,4426.0,4359.0
130,충청남도 아산시 신창면,44200410,21460.0,22696.0,22781.0,22293.0,21448.0,20678.0,20054.0,19735.0,19201.0,18581.0
131,충청남도 서산시 읍내동,44210101,9839.5,9902.0,9859.5,9507.5,9862.5,9819.5,9808.0,9521.0,9534.0,9175.5
132,충청남도 서산시 동문동,44210102,16260.0,16194.666666666668,16272.666666666668,15710.0,15492.666666666668,15661.333333333332,15434.333333333332,14971.666666666668,14831.333333333332,14309.333333333332
133,충청남도 서산시 갈산동,44210103,9839.5,9902.0,9859.5,9507.5,9862.5,9819.5,9808.0,9521.0,9534.0,9175.5
134,충청남도 서산시 온석동,44210104,5981.0,5933.666666666667,5945.666666666667,5826.0,5987.666666666667,6380.333333333333,6402.333333333333,6231.666666666667,6148.333333333333,5956.333333333333
135,충청남도 서산시 잠홍동,44210105,5981.0,5933.666666666667,5945.666666666667,5826.0,5987.666666666667,6380.333333333333,6402.333333333333,6231.666666666667,6148.333333333333,5956.333333333333
136,충청남도 서산시 수석동,44210106,7751.5,7822.5,7803.5,7626.5,7878.5,8055.5,8163.5,7917.0,7871.5,8075.0
137,충청남도 서산시 석림동,44210107,7751.5,7822.5,7803.5,7626.5,7878.5,8055.5,8163.5,7917.0,7871.5,8075.0
138,충청남도 서산시 석남동,44210108,3883.4285714285716,3943.8571428571427,3947.285714285714,4490.142857142857,4380.142857142857,4254.142857142857,4216.428571428572,4709.428571428572,4843.142857142857,5030.142857142857
139,충청남도 서산시 예천동,44210109,3883.4285714285716,3943.8571428571427,3947.285714285714,4490.142857142857,4380.142857142857,4254.142857142857,4216.428571428572,4709.428571428572,4843.142857142857,5030.142857142857
140,충청남도 서산시 죽성동,44210110,3883.4285714285716,3943.8571428571427,3947.285714285714,4490.142857142857,4380.142857142857,4254.142857142857,4216.428571428572,4709.428571428572,4843.142857142857,5030.142857142857
141,충청남도 서산시 양대동,44210111,3883.4285714285716,3943.8571428571427,3947.285714285714,4490.142857142857,4380.142857142857,4254.142857142857,4216.428571428572,4709.428571428572,4843.142857142857,5030.142857142857
142,충청남도 서산시 오남동,44210112,3883.4285714285716,3943.8571428571427,3947.285714285714,4490.142857142857,4380.142857142857,4254.142857142857,4216.428571428572,4709.428571428572,4843.142857142857,5030.142857142857
143,충청남도 서산시 장동,44210113,3883.4285714285716,3943.8571428571427,3947.285714285714,4490.142857142857,4380.142857142857,4254.142857142857,4216.428571428572,4709.428571428572,4843.142857142857,5030.142857142857
144,충청남도 서산시 덕지천동,44210114,3883.4285714285716,3943.8571428571427,3947.285714285714,4490.142857142857,4380.142857142857,4254.142857142857,4216.428571428572,4709.428571428572,4843.142857142857,5030.142857142857
145,충청남도 서산시 대산읍,44210250,15640.0,15426.0,15294.0,15023.0,14588.0,13971.0,13838.0,13589.0,13412.0,13189.0
146,충청남도 서산시 인지면,44210310,7742.0,7912.0,7937.0,7915.0,7620.0,7524.0,7376.0,7280.0,7277.0,7135.0
147,충청남도 서산시 부석면,44210320,5735.0,5751.0,5788.0,5739.0,5592.0,5475.0,5391.0,5311.0,5286.0,5195.0
148,충청남도 서산시 팔봉면,44210330,3419.0,3444.0,3486.0,3502.0,3485.0,3390.0,3376.0,3332.0,3319.0,3258.0
149,충청남도 서산시 지곡면,44210340,9046.0,9203.0,9256.0,9078.0,8500.0,8181.0,8113.0,8145.0,8236.0,8019.0
150,충청남도 서산시 성연면,44210360,2496.0,3254.0,5120.0,5500.0,9101.0,12693.0,14699.0,15496.0,15577.0,16256.0
151,충청남도 서산시 음암면,44210370,10890.0,11001.0,10892.0,10651.0,10132.0,9690.0,9532.0,9291.0,9334.0,9182.0
152,충청남도 서산시 운산면,44210380,5655.0,5715.0,5697.0,5654.0,5441.0,5318.0,5172.0,5068.0,4967.0,4959.0
153,충청남도 서산시 해미면,44210390,8097.0,8021.0,7977.0,8004.0,7855.0,7686.0,7475.0,7277.0,7173.0,7087.0
154,충청남도 서산시 고북면,44210400,7891.0,7790.0,7509.0,7261.0,6855.0,6518.0,6455.0,6139.0,6055.0,5948.0
155,충청남도 논산시 화지동,44230101,4418.857142857143,4679.142857142857,4805.857142857143,4810.857142857143,4810.285714285715,4941.857142857143,4986.428571428572,4997.142857142857,5004.428571428572,4964.714285714285
156,충청남도 논산시 반월동,44230102,4418.857142857143,4679.142857142857,4805.857142857143,4810.857142857143,4810.285714285715,4941.857142857143,4986.428571428572,4997.142857142857,5004.428571428572,4964.714285714285
157,충청남도 논산시 대교동,44230103,4603.75,4415.75,4469.25,4518.25,4438.0,4261.25,4156.25,4034.0,3935.0,3818.5
158,충청남도 논산시 부창동,44230104,4603.75,4415.75,4469.25,4518.25,4438.0,4261.25,4156.25,4034.0,3935.0,3818.5
159,충청남도 논산시 취암동,44230105,4418.857142857143,4679.142857142857,4805.857142857143,4810.857142857143,4810.285714285715,4941.857142857143,4986.428571428572,4997.142857142857,5004.428571428572,4964.714285714285
160,충청남도 논산시 등화동,44230106,4603.75,4415.75,4469.25,4518.25,4438.0,4261.25,4156.25,4034.0,3935.0,3818.5
161,충청남도 논산시 지산동,44230107,4418.857142857143,4679.142857142857,4805.857142857143,4810.857142857143,4810.285714285715,4941.857142857143,4986.428571428572,4997.142857142857,5004.428571428572,4964.714285714285
162,충청남도 논산시 덕지동,44230108,4418.857142857143,4679.142857142857,4805.857142857143,4810.857142857143,4810.285714285715,4941.857142857143,4986.428571428572,4997.142857142857,5004.428571428572,4964.714285714285
163,충청남도 논산시 내동,44230109,4418.857142857143,4679.142857142857,4805.857142857143,4810.857142857143,4810.285714285715,4941.857142857143,4986.428571428572,4997.142857142857,5004.428571428572,4964.714285714285
164,충청남도 논산시 강산동,44230110,4603.75,4415.75,4469.25,4518.25,4438.0,4261.25,4156.25,4034.0,3935.0,3818.5
165,충청남도 논산시 관촉동,44230111,4418.857142857143,4679.142857142857,4805.857142857143,4810.857142857143,4810.285714285715,4941.857142857143,4986.428571428572,4997.142857142857,5004.428571428572,4964.714285714285
166,충청남도 논산시 강경읍,44230250,10365.0,10041.0,9737.0,9500.0,9248.0,8899.0,8492.0,8096.0,7793.0,7573.0
167,충청남도 논산시 연무읍,44230253,15630.0,15372.0,14959.0,14532.0,14393.0,14168.0,13846.0,13377.0,13143.0,12970.0
168,충청남도 논산시 성동면,44230310,5017.0,4953.0,4762.0,4658.0,4491.0,4344.0,4177.0,4081.0,3974.0,3849.0
169,충청남도 논산시 광석면,44230320,5035.0,4933.0,4796.0,4659.0,4607.0,4417.0,4327.0,4216.0,4088.0,4008.0
170,충청남도 논산시 노성면,44230330,3876.0,3692.0,3517.0,3430.0,3243.0,3162.0,3057.0,2969.0,2869.0,2792.0
171,충청남도 논산시 상월면,44230340,4026.0,3967.0,3933.0,3885.0,3776.0,3713.0,3644.0,3540.0,3442.0,3409.0
172,충청남도 논산시 부적면,44230350,4060.0,3960.0,3890.0,3842.0,3768.0,3670.0,3630.0,3525.0,3455.0,3397.0
173,충청남도 논산시 연산면,44230360,6970.0,6785.0,6757.0,6597.0,6430.0,6364.0,6149.0,6060.0,5986.0,5874.0
174,충청남도 논산시 벌곡면,44230380,2834.0,2721.0,2679.0,2667.0,2579.0,2547.0,2485.0,2438.0,2432.0,2422.0
175,충청남도 논산시 양촌면,44230390,6117.0,5940.0,5802.0,6034.0,6682.0,6611.0,6393.0,6234.0,6094.0,5898.0
176,충청남도 논산시 가야곡면,44230400,4119.0,4023.0,3926.0,3833.0,3689.0,3630.0,3498.0,3374.0,3353.0,3243.0
177,충청남도 논산시 은진면,44230410,5069.0,4927.0,4521.0,4433.0,4255.0,4076.0,4001.0,3993.0,3910.0,3860.0
178,충청남도 논산시 채운면,44230420,2776.0,2718.0,2616.0,2601.0,2493.0,2407.0,2291.0,2220.0,2163.0,2085.0
179,충청남도 계룡시 금암동,44250101,9135.0,9011.0,8824.0,8775.0,8749.0,8650.0,8660.0,8676.0,8535.0,8220.0
180,충청남도 계룡시 두마면,44250310,7710.0,7541.0,7371.0,7222.0,7052.0,6969.0,6810.0,7292.0,8336.0,12207.0
181,충청남도 계룡시 엄사면,44250315,19243.0,18773.0,17595.0,19232.0,19169.0,18872.0,18373.0,18473.0,18108.0,17233.0
182,충청남도 계룡시 신도안면,44250330,4692.0,4660.0,8744.0,8768.0,8782.0,8843.0,8929.0,8768.0,8520.0,8030.0
183,충청남도 당진시 읍내동,44270101,11134.5,11554.5,12279.0,12448.0,12194.5,12035.5,11818.5,12408.5,13139.5,15451.5
184,충청남도 당진시 채운동,44270102,3052.5,3106.1666666666665,3134.8333333333335,3355.6666666666665,3399.5,3436.3333333333335,3465.3333333333335,3813.0,3863.5,3759.3333333333335
185,충청남도 당진시 우두동,44270103,6509.666666666667,6616.333333333333,6582.333333333333,6358.333333333333,6222.666666666667,6243.666666666667,6223.333333333333,6037.333333333333,5866.333333333333,5658.333333333333
186,충청남도 당진시 원당동,44270104,6509.666666666667,6616.333333333333,6582.333333333333,6358.333333333333,6222.666666666667,6243.666666666667,6223.333333333333,6037.333333333333,5866.333333333333,5658.333333333333
187,충청남도 당진시 시곡동,44270105,6509.666666666667,6616.333333333333,6582.333333333333,6358.333333333333,6222.666666666667,6243.666666666667,6223.333333333333,6037.333333333333,5866.333333333333,5658.333333333333
188,충청남도 당진시 수청동,44270106,11134.5,11554.5,12279.0,12448.0,12194.5,12035.5,11818.5,12408.5,13139.5,15451.5
189,충청남도 당진시 대덕동,44270107,3052.5,3106.1666666666665,3134.8333333333335,3355.6666666666665,3399.5,3436.3333333333335,3465.3333333333335,3813.0,3863.5,3759.3333333333335
190,충청남도 당진시 행정동,44270108,3052.5,3106.1666666666665,3134.8333333333335,3355.6666666666665,3399.5,3436.3333333333335,3465.3333333333335,3813.0,3863.5,3759.3333333333335
191,충청남도 당진시 용연동,44270109,3052.5,3106.1666666666665,3134.8333333333335,3355.6666666666665,3399.5,3436.3333333333335,3465.3333333333335,3813.0,3863.5,3759.3333333333335
192,충청남도 당진시 사기소동,44270110,3052.5,3106.1666666666665,3134.8333333333335,3355.6666666666665,3399.5,3436.3333333333335,3465.3333333333335,3813.0,3863.5,3759.3333333333335
193,충청남도 당진시 구룡동,44270111,3052.5,3106.1666666666665,3134.8333333333335,3355.6666666666665,3399.5,3436.3333333333335,3465.3333333333335,3813.0,3863.5,3759.3333333333335
194,충청남도 당진시 합덕읍,44270250,10476.0,10366.0,10157.0,9945.0,9734.0,9461.0,9228.0,8880.0,8513.0,8252.0
195,충청남도 당진시 송악읍,44270253,26163.0,26252.0,26220.0,27320.0,29471.0,30340.0,30394.0,30268.0,30494.0,30113.0
196,충청남도 당진시 고대면,44270310,6035.0,5968.0,6010.0,5822.0,5713.0,5661.0,5528.0,5381.0,5186.0,5246.0
197,충청남도 당진시 석문면,44270320,8197.0,8209.0,8391.0,9436.0,9788.0,9703.0,9606.0,9692.0,9266.0,8965.0
198,충청남도 당진시 대호지면,44270330,2730.0,2674.0,2636.0,2622.0,2547.0,2474.0,2451.0,2416.0,2358.0,2300.0
199,충청남도 당진시 정미면,44270340,3789.0,3837.0,3798.0,3816.0,3728.0,3735.0,3736.0,3624.0,3566.0,3553.0
200,충청남도 당진시 면천면,44270350,3841.0,3779.0,3766.0,3720.0,3673.0,3610.0,3596.0,3535.0,3481.0,3449.0
201,충청남도 당진시 순성면,44270360,5715.0,5743.0,5647.0,5471.0,5349.0,5218.0,5124.0,5029.0,4965.0,4877.0
202,충청남도 당진시 우강면,44270370,5948.0,5949.0,5845.0,5653.0,5474.0,5317.0,5179.0,5101.0,5514.0,5472.0
203,충청남도 당진시 신평면,44270380,17314.0,17608.0,17438.0,17027.0,16674.0,16309.0,15974.0,15476.0,15238.0,14892.0
204,충청남도 당진시 송산면,44270390,11565.0,12305.0,12542.0,12381.0,12143.0,12054.0,12142.0,11728.0,11757.0,11874.0
205,충청남도 금산군 금산읍,44710250,23681.0,23549.0,24063.0,23885.0,23644.0,23296.0,22956.0,22531.0,22334.0,22783.0
206,충청남도 금산군 금성면,44710310,4017.0,4014.0,3611.0,3493.0,3505.0,3424.0,3340.0,3292.0,3224.0,3159.0
207,충청남도 금산군 제원면,44710320,3110.0,3147.0,3016.0,3022.0,2968.0,2876.0,2842.0,2771.0,2790.0,2735.0
208,충청남도 금산군 부리면,44710330,2900.0,2851.0,2765.0,2710.0,2672.0,2613.0,2517.0,2468.0,2447.0,2422.0
209,충청남도 금산군 군북면,44710340,2686.0,2732.0,2733.0,2711.0,2656.0,2629.0,2555.0,2518.0,2450.0,2416.0
210,충청남도 금산군 남일면,44710350,2967.0,2997.0,2964.0,2878.0,2913.0,2948.0,2881.0,2860.0,2816.0,2794.0
211,충청남도 금산군 남이면,44710360,2220.0,2231.0,2196.0,2155.0,2198.0,2176.0,2158.0,2117.0,2090.0,2027.0
212,충청남도 금산군 진산면,44710370,3438.0,3387.0,3370.0,3321.0,3369.0,3330.0,3245.0,3237.0,3193.0,3160.0
213,충청남도 금산군 복수면,44710380,3552.0,3463.0,3443.0,3378.0,3243.0,3164.0,3082.0,3021.0,2952.0,2924.0
214,충청남도 금산군 추부면,44710390,6683.0,6621.0,6576.0,6421.0,6378.0,6241.0,6120.0,6011.0,5928.0,5865.0
215,충청남도 부여군 부여읍,44760250,24083.0,23892.0,23394.0,22785.0,21907.0,21220.0,20542.0,19863.0,19189.0,18739.0
216,충청남도 부여군 규암면,44760310,10366.0,10386.0,10486.0,10843.0,11259.0,11840.0,12027.0,11996.0,11914.0,11707.0
217,충청남도 부여군 은산면,44760320,4281.0,4178.0,4107.0,4086.0,4019.0,3902.0,3803.0,3670.0,3666.0,3587.0
218,충청남도 부여군 외산면,44760330,2710.0,2670.0,2661.0,2568.0,2503.0,2426.0,2365.0,2353.0,2288.0,2248.0
219,충청남도 부여군 내산면,44760340,1776.0,1775.0,1708.0,1704.0,1650.0,1585.0,1563.0,1544.0,1515.0,1485.0
220,충청남도 부여군 구룡면,44760350,2657.0,2636.0,2595.0,2526.0,2495.0,2466.0,2393.0,2355.0,2304.0,2252.0
221,충청남도 부여군 홍산면,44760360,3235.0,3201.0,3218.0,3160.0,3071.0,2945.0,2892.0,2832.0,2798.0,2730.0
222,충청남도 부여군 옥산면,44760370,1522.0,1529.0,1528.0,1512.0,1518.0,1480.0,1439.0,1409.0,1399.0,1380.0
223,충청남도 부여군 남면,44760380,2096.0,2096.0,2077.0,2031.0,1994.0,1943.0,1888.0,1831.0,1776.0,1733.0
224,충청남도 부여군 충화면,44760390,1277.0,1271.0,1249.0,1252.0,1245.0,1193.0,1155.0,1144.0,1126.0,1092.0
225,충청남도 부여군 양화면,44760400,1923.0,1919.0,1899.0,1861.0,1822.0,1774.0,1743.0,1665.0,1654.0,1624.0
226,충청남도 부여군 임천면,44760410,3215.0,3196.0,3190.0,3101.0,3026.0,2985.0,2932.0,2853.0,2813.0,2706.0
227,충청남도 부여군 장암면,44760420,3120.0,3094.0,3061.0,3026.0,2986.0,2866.0,2767.0,2742.0,2664.0,2579.0
228,충청남도 부여군 세도면,44760430,3707.0,3671.0,3633.0,3513.0,3383.0,3299.0,3204.0,3120.0,3068.0,2973.0
229,충청남도 부여군 석성면,44760440,3390.0,3380.0,3348.0,3290.0,3233.0,3113.0,2967.0,2845.0,2783.0,2704.0
230,충청남도 부여군 초촌면,44760450,2494.0,2480.0,2455.0,2405.0,2346.0,2233.0,2164.0,2114.0,2090.0,2044.0
231,충청남도 서천군 장항읍,44770250,12759.0,12547.0,12223.0,12044.0,11753.0,11431.0,11113.0,11089.0,11086.0,10971.0
232,충청남도 서천군 서천읍,44770253,14765.0,14620.0,14528.0,14318.0,14046.0,13785.0,13840.0,13441.0,13171.0,13000.0
233,충청남도 서천군 마서면,44770310,5772.0,5610.0,5497.0,5361.0,5318.0,5164.0,4987.0,4829.0,4785.0,4619.0
234,충청남도 서천군 화양면,44770320,2596.0,2617.0,2552.0,2483.0,2432.0,2374.0,2316.0,2259.0,2228.0,2151.0
235,충청남도 서천군 기산면,44770330,1917.0,1883.0,1879.0,1822.0,1768.0,1755.0,1692.0,1623.0,1573.0,1537.0
236,충청남도 서천군 한산면,44770340,2897.0,2840.0,2793.0,2714.0,2713.0,2629.0,2567.0,2492.0,2467.0,2402.0
237,충청남도 서천군 마산면,44770350,1567.0,1568.0,1585.0,1600.0,1580.0,1566.0,1518.0,1471.0,1444.0,1421.0
238,충청남도 서천군 시초면,44770360,1362.0,1354.0,1349.0,1331.0,1322.0,1319.0,1285.0,1257.0,1228.0,1206.0
239,충청남도 서천군 문산면,44770370,1377.0,1363.0,1345.0,1338.0,1327.0,1306.0,1284.0,1246.0,1211.0,1210.0
240,충청남도 서천군 판교면,44770380,2352.0,2375.0,2317.0,2293.0,2273.0,2207.0,2132.0,2120.0,2032.0,1996.0
241,충청남도 서천군 종천면,44770390,2360.0,2314.0,2281.0,2269.0,2187.0,2102.0,2047.0,2025.0,2016.0,1998.0
242,충청남도 서천군 비인면,44770400,3379.0,3306.0,3280.0,3216.0,3158.0,3107.0,3009.0,2880.0,2884.0,2839.0
243,충청남도 서천군 서면,44770410,4887.0,4792.0,4737.0,4717.0,4636.0,4520.0,4433.0,4340.0,4248.0,4127.0
244,충청남도 청양군 청양읍,44790250,10445.0,10381.0,10369.0,10317.0,10371.0,10188.0,9963.0,9900.0,10012.0,10099.0
245,충청남도 청양군 운곡면,44790310,2256.0,2284.0,2278.0,2286.0,2249.0,2216.0,2172.0,2111.0,2114.0,2093.0
246,충청남도 청양군 대치면,44790320,2248.0,2275.0,2284.0,2318.0,2263.0,2284.0,2264.0,2232.0,2219.0,2228.0
247,충청남도 청양군 정산면,44790330,3690.0,3708.0,3726.0,3730.0,3637.0,3578.0,3564.0,3569.0,3519.0,3425.0
248,충청남도 청양군 목면,44790340,1559.0,1582.0,1577.0,1578.0,1566.0,1561.0,1534.0,1509.0,1488.0,1466.0
249,충청남도 청양군 청남면,44790350,2065.0,2018.0,2031.0,2010.0,2049.0,1986.0,1939.0,1905.0,1845.0,1821.0
250,충청남도 청양군 장평면,44790360,2577.0,2589.0,2563.0,2531.0,2493.0,2397.0,2378.0,2290.0,2262.0,2217.0
251,충청남도 청양군 남양면,44790370,2822.0,2814.0,2833.0,2835.0,2841.0,2798.0,2775.0,2718.0,2681.0,2612.0
252,충청남도 청양군 화성면,44790380,2353.0,2338.0,2344.0,2341.0,2352.0,2253.0,2217.0,2179.0,2161.0,2111.0
253,충청남도 청양군 비봉면,44790390,2268.0,2233.0,2191.0,2237.0,2244.0,2210.0,2144.0,2080.0,2091.0,2085.0
254,충청남도 홍성군 홍성읍,44800250,44333.0,43222.0,40261.0,39761.0,39574.0,39123.0,38374.0,37857.0,37346.0,36000.0
255,충청남도 홍성군 광천읍,44800253,10634.0,10423.0,9972.0,9560.0,9261.0,8892.0,8566.0,8322.0,8186.0,7911.0
256,충청남도 홍성군 홍북읍,44800256,7968.0,11839.0,21316.0,25898.0,26819.0,27630.0,28476.0,28883.0,28973.0,29140.0
257,충청남도 홍성군 금마면,44800320,3809.0,3741.0,3627.0,3618.0,3589.0,3523.0,3510.0,3503.0,3495.0,3405.0
258,충청남도 홍성군 홍동면,44800330,3665.0,3568.0,3502.0,3510.0,3514.0,3507.0,3438.0,3427.0,3427.0,3407.0
259,충청남도 홍성군 장곡면,44800340,3330.0,3266.0,3197.0,3091.0,3060.0,3015.0,2965.0,2875.0,2824.0,2801.0
260,충청남도 홍성군 은하면,44800350,2641.0,2636.0,2584.0,2556.0,2500.0,2435.0,2322.0,2272.0,2216.0,2179.0
261,충청남도 홍성군 결성면,44800360,2460.0,2370.0,2281.0,2263.0,2232.0,2202.0,2125.0,2090.0,2048.0,2020.0
262,충청남도 홍성군 서부면,44800370,3662.0,3618.0,3550.0,3471.0,3399.0,3347.0,3266.0,3224.0,3168.0,3110.0
263,충청남도 홍성군 갈산면,44800380,3995.0,3913.0,3835.0,3735.0,3677.0,3612.0,3521.0,3501.0,3541.0,3433.0
264,충청남도 홍성군 구항면,44800390,4301.0,4230.0,3988.0,3827.0,3699.0,3523.0,3457.0,3471.0,3481.0,3443.0
265,충청남도 예산군 예산읍,44810250,37298.0,37109.0,35988.0,35249.0,35146.0,34538.0,33659.0,32870.0,32245.0,31309.0
266,충청남도 예산군 삽교읍,44810253,7973.0,7953.0,7734.0,7594.0,8534.0,9251.0,9837.0,10075.0,10705.0,14705.0
267,충청남도 예산군 대술면,44810310,2808.0,2751.0,2688.0,2682.0,2612.0,2580.0,2540.0,2433.0,2357.0,2336.0
268,충청남도 예산군 신양면,44810320,3431.0,3396.0,3377.0,3346.0,3320.0,3207.0,3109.0,3054.0,2981.0,2916.0
269,충청남도 예산군 광시면,44810330,3565.0,3536.0,3515.0,3411.0,3345.0,3291.0,3210.0,3129.0,3077.0,2998.0
270,충청남도 예산군 대흥면,44810340,1953.0,1916.0,1878.0,1862.0,1820.0,1769.0,1774.0,1773.0,1740.0,1682.0
271,충청남도 예산군 응봉면,44810350,2800.0,2754.0,2675.0,2658.0,2624.0,2582.0,2540.0,2520.0,2507.0,2411.0
272,충청남도 예산군 덕산면,44810360,7617.0,7593.0,7315.0,7117.0,6946.0,6823.0,6716.0,6695.0,6628.0,6471.0
273,충청남도 예산군 봉산면,44810370,2836.0,2798.0,2705.0,2688.0,2629.0,2583.0,2539.0,2471.0,2469.0,2425.0
274,충청남도 예산군 고덕면,44810380,5156.0,5046.0,4974.0,4944.0,4762.0,4651.0,4573.0,4467.0,4352.0,4272.0
275,충청남도 예산군 신암면,44810390,4113.0,4048.0,4025.0,3972.0,3830.0,3743.0,3601.0,3480.0,3392.0,3313.0
276,충청남도 예산군 오가면,44810400,5216.0,5212.0,5078.0,4951.0,4781.0,4629.0,4511.0,4317.0,4190.0,3994.0
277,충청남도 태안군 태안읍,44825250,27129.0,27651.0,28936.0,29179.0,29282.0,29398.0,29374.0,29384.0,29281.0,28919.0
278,충청남도 태안군 안면읍,44825253,9398.0,9414.0,9381.0,9287.0,9103.0,8890.0,8659.0,8568.0,8418.0,8312.0
279,충청남도 태안군 고남면,44825310,2593.0,2620.0,2595.0,2560.0,2508.0,2455.0,2398.0,2340.0,2323.0,2297.0
280,충청남도 태안군 남면,44825320,4408.0,4599.0,4669.0,4639.0,4682.0,4589.0,4363.0,4278.0,4206.0,4271.0
281,충청남도 태안군 근흥면,44825330,5785.0,5714.0,5686.0,5708.0,5642.0,5481.0,5386.0,5412.0,5395.0,5363.0
282,충청남도 태안군 소원면,44825340,5691.0,5651.0,5595.0,5557.0,5490.0,5390.0,5372.0,5365.0,5349.0,5287.0
283,충청남도 태안군 원북면,44825350,4993.0,5002.0,4584.0,4601.0,4579.0,4521.0,4433.0,4345.0,4373.0,4374.0
284,충청남도 태안군 이원면,44825360,2410.0,2380.0,2390.0,2397.0,2383.0,2315.0,2296.0,2239.0,2202.0,2200.0
